month,group,keyword,volume
November 2025,Funnel Builder,funnel builder,600
November 2025,Funnel Builder,sales funnel software,600
November 2025,Funnel Builder,builder funnel,400
November 2025,Funnel Builder,sales funnel builder,250
November 2025,Funnel Builder,best sales funnel builder,200
November 2025,Funnel Builder,ai funnel builder,200
November 2025,Funnel Builder,automated sales funnel software,200
November 2025,Funnel Builder,free funnel builder,150
November 2025,Funnel Builder,free sales funnel builder,100
November 2025,Funnel Builder,funnel builder software,100
November 2025,Funnel Builder,marketing funnel builder,100
November 2025,Funnel Builder,funnel building software,100
November 2025,Funnel Builder,marketing funnel software,100
November 2025,Funnel Builder,funnel tracking software,100
November 2025,Funnel Builder,free ai funnel builder,90
November 2025,Funnel Builder,ai sales funnel builder,90
November 2025,Funnel Builder,sales funnel crm software,90
November 2025,Funnel Builder,drag and drop funnel builder,80
November 2025,Funnel Builder,funnel website builder,80
November 2025,Funnel Builder,online sales funnel builder,70
November 2025,Funnel Builder,funnel page builder,70
November 2025,Funnel Builder,online funnel builder,70
November 2025,Funnel Builder,funnel mapping software,70
November 2025,Funnel Builder,funnel software,70
November 2025,Funnel Builder,free sales funnel software,70
November 2025,Funnel Builder,website funnel builder,60
November 2025,Funnel Builder,sales funnel website builder,50
November 2025,Funnel Builder,white label funnel builder,50
November 2025,Funnel Builder,sales funnel software free,50
November 2025,Funnel Builder,sales funnel management software,50
November 2025,Funnel Builder,landing page funnel builder,40
November 2025,Funnel Builder,sales funnel builder software,40
November 2025,Funnel Builder,free funnel builder software,40
November 2025,Funnel Builder,funnel analytics software,40
November 2025,Funnel Builder,funnel builder tools,30
November 2025,Funnel Builder,conversion funnel software,30
November 2025,Funnel Builder,funnel analysis software,30
November 2025,Funnel Builder,free funnel software,30
November 2025,Funnel Builder,free funnel building software,30
November 2025,Funnel Builder,funnel marketing software,30
November 2025,Funnel Builder,funnel software free,20
November 2025,Landing Page Builder,landing page builder,3500
November 2025,Landing Page Builder,ai landing page builder,450
November 2025,Landing Page Builder,lead page builder,100
November 2025,Landing Page Builder,free lead page builder,40
November 2025,Landing Page Builder,lead generation landing page builder,20
November 2025,Landing Page Builder,landing page builder for lead generation,0
November 2025,Quiz & Lead Gen,quiz funnel software,150
November 2025,Quiz & Lead Gen,quiz funnel builder,70
November 2025,Quiz & Lead Gen,lead generation quiz maker,30
November 2025,Quiz & Lead Gen,lead generation quiz software,0
November 2025,Quiz & Lead Gen,pay per lead software,30
November 2025,Quiz & Lead Gen,multi step form builder,150
November 2025,Quiz & Lead Gen,conditional form builder,150
November 2025,Quiz & Lead Gen,lead capture software,500
November 2025,Quiz & Lead Gen,lead magnet software,60
November 2025,Quiz & Lead Gen,lead validation software,30
November 2025,Quiz & Lead Gen,lead distribution platform,150
December 2025,Funnel Builder,funnel builder,600
December 2025,Funnel Builder,sales funnel software,600
December 2025,Funnel Builder,builder funnel,450
December 2025,Funnel Builder,sales funnel builder,300
December 2025,Funnel Builder,best sales funnel builder,150
December 2025,Funnel Builder,ai funnel builder,200
December 2025,Funnel Builder,automated sales funnel software,200
December 2025,Funnel Builder,free funnel builder,150
December 2025,Funnel Builder,free sales funnel builder,100
December 2025,Funnel Builder,funnel builder software,150
December 2025,Funnel Builder,marketing funnel builder,100
December 2025,Funnel Builder,funnel building software,100
December 2025,Funnel Builder,marketing funnel software,100
December 2025,Funnel Builder,funnel tracking software,150
December 2025,Funnel Builder,free ai funnel builder,90
December 2025,Funnel Builder,ai sales funnel builder,100
December 2025,Funnel Builder,sales funnel crm software,100
December 2025,Funnel Builder,drag and drop funnel builder,100
December 2025,Funnel Builder,funnel website builder,100
December 2025,Funnel Builder,online sales funnel builder,80
December 2025,Funnel Builder,funnel page builder,100
December 2025,Funnel Builder,online funnel builder,90
December 2025,Funnel Builder,funnel mapping software,70
December 2025,Funnel Builder,funnel software,70
December 2025,Funnel Builder,free sales funnel software,80
December 2025,Funnel Builder,website funnel builder,70
December 2025,Funnel Builder,sales funnel website builder,50
December 2025,Funnel Builder,white label funnel builder,50
December 2025,Funnel Builder,sales funnel software free,90
December 2025,Funnel Builder,sales funnel management software,50
December 2025,Funnel Builder,landing page funnel builder,40
December 2025,Funnel Builder,sales funnel builder software,40
December 2025,Funnel Builder,free funnel builder software,50
December 2025,Funnel Builder,funnel analytics software,40
December 2025,Funnel Builder,funnel builder tools,30
December 2025,Funnel Builder,conversion funnel software,30
December 2025,Funnel Builder,funnel analysis software,30
December 2025,Funnel Builder,free funnel software,40
December 2025,Funnel Builder,free funnel building software,40
December 2025,Funnel Builder,funnel marketing software,40
December 2025,Funnel Builder,funnel software free,20
December 2025,Landing Page Builder,landing page builder,4100
December 2025,Landing Page Builder,ai landing page builder,600
December 2025,Landing Page Builder,lead page builder,100
December 2025,Landing Page Builder,free lead page builder,40
December 2025,Landing Page Builder,lead generation landing page builder,20
December 2025,Landing Page Builder,landing page builder for lead generation,0
December 2025,Quiz & Lead Gen,quiz funnel software,200
December 2025,Quiz & Lead Gen,quiz funnel builder,90
December 2025,Quiz & Lead Gen,lead generation quiz maker,30
December 2025,Quiz & Lead Gen,lead generation quiz software,0
December 2025,Quiz & Lead Gen,pay per lead software,30
December 2025,Quiz & Lead Gen,multi step form builder,150
December 2025,Quiz & Lead Gen,conditional form builder,150
December 2025,Quiz & Lead Gen,lead capture software,500
December 2025,Quiz & Lead Gen,lead magnet software,60
December 2025,Quiz & Lead Gen,lead validation software,40
December 2025,Quiz & Lead Gen,lead distribution platform,150
