month,brand,keyword,volume
November 2025,Leadshook,leadshook,150
November 2025,Leadshook,leads hook,60
November 2025,Leadshook,leadhook,0
November 2025,Leadshook,lead hooks,10
November 2025,Involve.me,involveme,40
November 2025,Involve.me,involve.me,200
November 2025,Involve.me,involve me,250
November 2025,Interact,interact quiz,1300
November 2025,Interact,tryinteract,600
November 2025,Interact,interact quiz maker,200
November 2025,Interact,interact quizzes,200
November 2025,Interact,try interact,150
November 2025,Interact,interact app,100
November 2025,Interact,tryinteract.com,70
November 2025,Interact,try interact quiz,60
November 2025,Interact,interact.com,50
November 2025,Interact,quiz.tryinteract,30
November 2025,Interact,tryinteract quiz,20
November 2025,Outgrow,outgrow,2800
November 2025,LeadQuizzes,leadquizzes,200
November 2025,Riddle,riddle quiz,800
November 2025,Qzzr,qzzr,250
November 2025,Woorise,woorise,250
November 2025,GetLeadForms,getleadforms,50
November 2025,Octane AI,octane ai,600
November 2025,Heyflow,heyflow,700
November 2025,Convertflow,convertflow,350
November 2025,Convertflow,convert flow,100
November 2025,ScoreApp,score app,2000
November 2025,ScoreApp,scoreapp,900
November 2025,Builderall,builderall,1500
November 2025,Growform,growform,100
November 2025,Growform,grow form,100
December 2025,Leadshook,leadshook,500
December 2025,Leadshook,leads hook,150
December 2025,Leadshook,leadhook,50
December 2025,Leadshook,lead hooks,30
December 2025,Involve.me,involveme,700
December 2025,Involve.me,involve.me,200
December 2025,Involve.me,involve me,250
December 2025,Interact,interact quiz,1400
December 2025,Interact,tryinteract,600
December 2025,Interact,interact quiz maker,200
December 2025,Interact,interact quizzes,200
December 2025,Interact,try interact,150
December 2025,Interact,interact app,100
December 2025,Interact,tryinteract.com,70
December 2025,Interact,try interact quiz,60
December 2025,Interact,interact.com,50
December 2025,Interact,quiz.tryinteract,30
December 2025,Interact,tryinteract quiz,20
December 2025,Outgrow,outgrow,1900
December 2025,LeadQuizzes,leadquizzes,200
December 2025,Riddle,riddle quiz,500
December 2025,Qzzr,qzzr,300
December 2025,Woorise,woorise,350
December 2025,GetLeadForms,getleadforms,60
December 2025,Octane AI,octane ai,800
December 2025,Heyflow,heyflow,700
December 2025,Convertflow,convertflow,400
December 2025,Convertflow,convert flow,100
December 2025,ScoreApp,score app,2000
December 2025,ScoreApp,scoreapp,900
December 2025,Builderall,builderall,500
December 2025,Growform,growform,100
December 2025,Growform,grow form,100
January 2026,Leadshook,leadshook,580
January 2026,Leadshook,leads hook,170
January 2026,Leadshook,leadhook,65
January 2026,Leadshook,lead hooks,40
January 2026,Involve.me,involveme,680
January 2026,Involve.me,involve.me,200
January 2026,Involve.me,involve me,250
January 2026,Interact,interact quiz,1450
January 2026,Interact,tryinteract,600
January 2026,Interact,interact quiz maker,200
January 2026,Interact,interact quizzes,200
January 2026,Interact,try interact,150
January 2026,Interact,interact app,100
January 2026,Interact,tryinteract.com,70
January 2026,Interact,try interact quiz,60
January 2026,Interact,interact.com,50
January 2026,Interact,quiz.tryinteract,30
January 2026,Interact,tryinteract quiz,20
January 2026,Outgrow,outgrow,1850
January 2026,LeadQuizzes,leadquizzes,220
January 2026,Riddle,riddle quiz,520
January 2026,Qzzr,qzzr,280
January 2026,Woorise,woorise,370
January 2026,GetLeadForms,getleadforms,75
January 2026,Octane AI,octane ai,820
January 2026,Heyflow,heyflow,730
January 2026,Convertflow,convertflow,420
January 2026,Convertflow,convert flow,110
January 2026,ScoreApp,score app,2100
January 2026,ScoreApp,scoreapp,920
January 2026,Builderall,builderall,510
January 2026,Growform,growform,100
January 2026,Growform,grow form,100
